cutomer_id,promo_code,promo_start_date,promo_expire_date,percentage_discount,free_delivery
EUC-73466,BU86M505PYD,14/02/2024,04/02/2024,50,1
YDB-07606,BG70Z584RFB,13/02/2024,04/03/2024,25,1
MAW-20885,JI24S173EUJ,01/09/2024,04/04/2024,45,1
LSO-35724,FU87P552XKO,27/02/2024,04/08/2024,45,0
KOG-90198,SD70E981QNT,21/02/2024,04/07/2024,40,0
DMT-26449,FD47U296XSB,01/12/2024,17/04/2024,30,0
QQN-22815,QQ84Y044ZAR,01/09/2024,04/04/2024,35,0
NXR-35045,XE79N783TIY,01/12/2024,26/04/2024,10,0
GAE-67331,PK52L982TBR,20/02/2024,27/04/2024,40,1
XDA-61402,YH90N379QJO,20/02/2024,24/04/2024,45,0
OHX-66506,ZQ92T112VES,28/01/2024,31/03/2024,30,0
KEY-75125,VF53Q796UOC,28/01/2024,04/09/2024,35,0
QEP-19000,KE71V162RRM,16/01/2024,18/04/2024,10,1
XUT-07777,TX70C783IAW,02/07/2024,16/04/2024,10,1
RWO-80666,DF93Q401SPA,18/02/2024,04/05/2024,15,1
WZJ-48191,DM80P076SMU,18/01/2024,04/01/2024,40,1
HTI-35044,NW01B919NLS,02/05/2024,25/04/2024,15,1
TNY-83758,YQ31F696OZP,22/01/2024,24/04/2024,45,0
CMY-73211,MA21N438QVA,15/01/2024,30/03/2024,10,1
LSL-84484,IH33G833LZX,25/02/2024,27/04/2024,25,1
RCG-19587,GC61A316OOB,01/09/2024,25/03/2024,25,1
OPD-34081,LS25F797YYB,15/01/2024,29/03/2024,35,0
TMG-69975,IT50D081MAW,01/09/2024,29/03/2024,15,0
EKB-41598,IM06F380EQR,29/01/2024,30/03/2024,40,1
ZBL-73893,QX60L733GVU,14/02/2024,15/04/2024,10,1
JBJ-10889,EQ29F808YZO,17/02/2024,04/02/2024,25,0
PDR-60940,AN23E544CFL,15/02/2024,13/04/2024,40,1
GLF-84417,JH41S284UQQ,17/01/2024,04/06/2024,40,1
WBL-72084,FV01I405UNS,20/02/2024,04/10/2024,30,1
RSS-24301,KR69L166VEP,19/01/2024,04/04/2024,35,0
OEI-47622,DX29M145ROX,21/01/2024,27/04/2024,25,0
ASF-42284,OZ71W942BSY,23/01/2024,16/04/2024,45,0
WRO-25440,DY70Y825KKK,18/01/2024,04/10/2024,40,0
GIJ-13728,ZT79P866AIE,02/12/2024,04/06/2024,30,1
CDF-95265,UZ34V465LXL,02/01/2024,16/04/2024,25,0
MDA-39179,SG99F997PJM,24/01/2024,04/12/2024,15,0
VVB-13381,NZ09B673VDP,01/08/2024,26/03/2024,30,0
BCX-52224,QR83C056YEN,15/02/2024,15/04/2024,10,0
DTZ-99095,FG52P081JQY,20/01/2024,04/05/2024,5,0
PJP-77415,FH77V349PYD,02/06/2024,04/02/2024,10,1
OTG-26459,CF89P881LZC,29/01/2024,04/12/2024,5,0
CPF-34515,UD91E934CWH,14/01/2024,17/04/2024,5,1
CIK-63950,HI32R212JJJ,14/02/2024,20/04/2024,25,1
XNY-00134,MI17S357LMP,25/01/2024,31/03/2024,10,1
ZPO-61621,SP74C584DZW,19/02/2024,21/04/2024,10,0
ZCP-69930,DH91Y202BTQ,01/12/2024,17/04/2024,10,1
FMD-09386,ZV26P934AQY,02/10/2024,26/04/2024,45,0
EVS-08313,GW90R208FHX,16/02/2024,17/04/2024,35,0
CGA-72580,DO06X958TLI,15/01/2024,29/04/2024,45,0
MEE-58760,XV31D268UKD,27/02/2024,17/04/2024,15,1
FUE-17081,YK02Q636TWH,01/08/2024,04/12/2024,35,1
WCC-22489,CB85T049FZG,23/02/2024,04/06/2024,30,1
MLH-46206,NN11A214ONP,23/01/2024,04/11/2024,20,1
AFJ-00690,UZ54H273LNI,19/01/2024,25/03/2024,15,1
YOX-67142,MY41S047EZA,30/01/2024,18/04/2024,15,1
OMB-25925,ZN61Q768WWH,23/02/2024,29/03/2024,45,0
XYR-46722,ZV85V308DTI,15/01/2024,21/04/2024,10,1
EOC-37292,XQ96G384XHY,22/01/2024,26/03/2024,5,0
NZR-48213,XT13D149ZWL,01/12/2024,31/03/2024,10,0
MQV-12400,SW07F450GPE,31/01/2024,23/04/2024,15,0
LYB-43537,YV45W074SOK,14/01/2024,04/04/2024,20,0
VPK-72264,WY04C498RNI,18/01/2024,04/03/2024,30,1
XQI-02704,KB42K202YAX,14/01/2024,22/04/2024,45,1
KYG-48550,VE47W384CZP,16/01/2024,04/06/2024,35,0
JIR-52209,IR52D351YAP,28/01/2024,30/03/2024,50,1
BVT-77023,MM94R954KJR,14/02/2024,27/03/2024,25,1
JBG-30559,XI87T096RAD,13/02/2024,27/04/2024,40,0
IEY-00277,NV19L684YVS,18/02/2024,04/10/2024,5,1
BRA-14801,SF86H048CHY,02/03/2024,20/04/2024,15,1
BNK-18629,DQ03C964KIZ,01/09/2024,13/04/2024,35,1
YTS-92438,LQ87N244AUW,02/07/2024,21/04/2024,20,0
CKE-62897,AH32C120BIV,23/02/2024,29/04/2024,30,1
FGB-33515,TJ14W055CAF,02/11/2024,27/04/2024,30,0
TGE-89868,HL72K489ANT,20/01/2024,04/07/2024,30,0
ZCA-17095,EE23E882TUJ,26/01/2024,26/04/2024,30,1
EJE-38655,RY10S203LLL,22/01/2024,04/04/2024,40,0
ATD-97183,JU08H353ZBL,21/02/2024,26/03/2024,40,0
QHY-80920,DO72V423CHB,01/11/2024,27/03/2024,35,0
IWI-07954,CH41Y059ZXK,02/07/2024,18/04/2024,15,1
PME-65620,KW19K306NRV,19/01/2024,04/05/2024,15,0
ZBQ-62002,BT87I385FCE,02/05/2024,18/04/2024,5,0
SUY-32448,GG21Z196ZGL,18/01/2024,26/04/2024,25,1
OJK-72439,WH68Z951QPI,02/10/2024,04/09/2024,10,1
ZCE-03639,RH50Q931WLE,27/02/2024,04/07/2024,30,1
FQM-34715,KV55Y383TJX,29/01/2024,04/03/2024,5,0
LIZ-77971,EN71I823TLT,28/01/2024,18/04/2024,10,0
JVC-81248,KA22R874PZV,02/09/2024,04/03/2024,40,0
NWE-81287,LR20J003OKH,27/01/2024,15/04/2024,45,0
RAP-04770,UG25V660WPC,26/02/2024,04/04/2024,30,1
KIA-16861,QL24Y251GXM,27/01/2024,04/10/2024,15,0
WDB-70289,ID11W304ZBN,20/01/2024,13/04/2024,25,0
INP-93845,CB60U987TXU,26/01/2024,04/01/2024,25,0
MTC-94752,RP87D682ONN,28/01/2024,21/04/2024,20,1
JIO-40700,NH49S189WSS,23/02/2024,14/04/2024,25,1
WDI-23408,TZ66Y987AGS,01/11/2024,04/05/2024,10,1
GOC-19908,HF00R773RZJ,02/09/2024,21/04/2024,15,0
KRX-81184,XJ88G023VJB,01/08/2024,28/03/2024,30,1
PSP-25466,GT35S162VKN,25/01/2024,13/04/2024,5,0
RTA-59329,YT72H493VKW,29/01/2024,25/04/2024,50,1
LGT-05815,OY54H782RVR,31/01/2024,25/04/2024,25,1
RDW-54340,CS57V900SKD,15/01/2024,25/04/2024,15,0
GND-76940,SQ31Z981FQN,02/01/2024,04/08/2024,35,0
KCQ-71974,AC22U519HND,21/01/2024,16/04/2024,30,1
GIR-16621,WQ00H700PPO,15/01/2024,28/04/2024,25,0
SMV-44812,KQ79W997NNE,28/01/2024,22/04/2024,40,0
PSQ-15500,QP71U879SES,29/01/2024,16/04/2024,25,0
ATW-85486,OS98I558XMZ,13/02/2024,24/04/2024,45,0
AHN-01521,CA46G100UUR,27/02/2024,29/03/2024,35,1
ECM-42044,KB90Y512CFC,01/11/2024,31/03/2024,45,0
SUM-52621,PC12C960BTV,24/01/2024,18/04/2024,35,1
DMK-75014,GA64N135MCD,24/01/2024,26/03/2024,10,1
FNG-65785,AJ01G627JOF,15/01/2024,28/04/2024,30,1
YDY-00239,WF28J485ABA,19/01/2024,29/03/2024,20,1
NXJ-62164,NM92Z324BMW,22/01/2024,31/03/2024,40,0
IZD-59177,QU33Y890POJ,22/01/2024,26/03/2024,20,0
MPZ-49334,SY82J489HNP,21/01/2024,26/03/2024,10,1
NOA-05708,ZD60E912PQL,26/02/2024,04/04/2024,45,0
INZ-84177,ZO34Z797AIK,15/01/2024,26/03/2024,35,1
ALK-56502,OV53E191BQZ,02/06/2024,25/03/2024,25,0
IDV-44801,DD85O643AMS,20/01/2024,04/11/2024,5,0
IDM-02996,TO95G133HWI,02/05/2024,19/04/2024,40,1
THJ-67160,CI30C966VEM,19/01/2024,31/03/2024,10,1
RJX-59133,SC71J390MJH,25/01/2024,29/03/2024,10,0
BHX-81964,PP42I646EDF,02/04/2024,29/04/2024,35,0
SEP-98075,EZ63B420WXY,20/01/2024,15/04/2024,40,0
BYH-56417,CT44G876SXR,02/02/2024,28/03/2024,45,0
CGC-02957,LO82U198YEC,19/02/2024,25/03/2024,10,0
OQH-68492,IJ71H875XRV,13/02/2024,04/08/2024,15,1
OUW-48835,AW57K317GDP,01/12/2024,04/09/2024,45,0
MQN-93376,MZ78B601KAQ,02/03/2024,04/02/2024,5,1
TML-79989,RR33E835REB,21/02/2024,21/04/2024,30,1
WRU-36151,HK90U185KJP,02/06/2024,29/04/2024,35,0
YJB-92377,UQ18A847EYY,18/02/2024,18/04/2024,25,0
LMU-78759,VA17W745JJQ,02/08/2024,26/03/2024,10,1
TSK-44407,GJ02A158VHT,17/01/2024,31/03/2024,45,0
ZOX-95070,AV71N103EJZ,02/06/2024,04/01/2024,45,1
CUK-73560,QP65Q572EWU,15/02/2024,27/03/2024,25,1
YFO-19978,EK47P001XMY,18/01/2024,04/10/2024,10,0
AMF-24071,HY35A246NVI,01/10/2024,25/04/2024,50,1
FCF-82879,MU32V455QQJ,19/01/2024,04/03/2024,40,1
OXZ-74933,SE26B748PNK,16/01/2024,27/03/2024,40,0
LWD-28075,TR42G321LOS,23/01/2024,04/12/2024,20,1
UAW-53168,JU09X316LNY,26/01/2024,04/09/2024,40,1
CFX-22525,GX38G780BJS,20/01/2024,17/04/2024,5,1
DUB-02729,LV93Q586VZR,18/02/2024,16/04/2024,25,1
NYD-84187,LP65A427FTY,20/01/2024,04/04/2024,35,0
VAK-56429,GY38C914YUM,02/11/2024,25/03/2024,5,0
RLD-23191,ER54K238VMP,27/01/2024,26/04/2024,20,0
FIC-31239,HL90T775NJN,13/02/2024,17/04/2024,25,1
LTW-21557,KB47X510VRM,19/02/2024,13/04/2024,10,1
NML-75856,UJ45N302EDL,02/03/2024,04/10/2024,25,0
CLZ-73501,JN13I855MGI,14/01/2024,04/01/2024,35,0
HFI-23645,PP11U589SSY,20/02/2024,16/04/2024,10,1
JVE-25104,CN08O228BED,15/02/2024,04/08/2024,20,0
RFM-18581,AG20D518YNH,20/01/2024,04/09/2024,25,1
PZE-90750,ET82Q819UPA,27/02/2024,28/04/2024,25,0
XAL-14169,ML92E960LUU,01/12/2024,28/04/2024,30,1
CTA-73375,BG45P476PVY,01/08/2024,23/04/2024,25,0
YPZ-43846,KI15Q179MHP,28/01/2024,30/03/2024,40,1
LGB-46086,ZL49C671HAV,24/02/2024,24/04/2024,10,1
AXT-62647,DW60T207XWI,26/01/2024,22/04/2024,15,0
MYN-12522,UM02U179GWK,28/01/2024,25/04/2024,5,0
UTK-60300,WJ93H922XVE,26/01/2024,29/03/2024,20,1
WSS-89437,ZX11L217EHN,02/08/2024,04/11/2024,10,0
ZIB-60373,PZ04Y786CQI,27/01/2024,04/07/2024,20,1
RJS-95246,DJ94L669XXO,15/01/2024,31/03/2024,10,0
IWK-57089,SJ01Z285GSC,02/06/2024,04/01/2024,5,0
YCG-95880,AQ20I002DVM,13/01/2024,16/04/2024,25,1
ENY-48834,KS27O468AJZ,02/03/2024,22/04/2024,15,0
WHB-80863,QF62H532PWR,21/02/2024,28/03/2024,5,1
VJZ-97038,IX31K072LEZ,15/01/2024,28/04/2024,45,1
SMF-49110,JW29H970GRH,02/07/2024,26/03/2024,5,1
LII-77388,GP69W825MPE,02/03/2024,29/04/2024,35,0
LRO-88912,TJ89G124CFH,27/01/2024,20/04/2024,40,1
EKY-98964,BU12F026KJI,30/01/2024,04/07/2024,20,0
BYY-33063,LZ67A801XNB,02/04/2024,31/03/2024,10,1
IUM-38167,VU71W439YTH,21/02/2024,27/04/2024,15,1
APZ-62721,AN39I019ZOY,18/01/2024,04/06/2024,35,0
RJF-64610,FN92X282FXX,26/01/2024,13/04/2024,20,0
LHR-70733,TN99C640WGG,02/06/2024,28/04/2024,10,1
DGH-91780,KA51K646WVW,30/01/2024,04/09/2024,40,1
UNF-05952,LP38M809JFK,23/02/2024,04/02/2024,45,0
DWI-58721,QJ48S979HPF,02/04/2024,04/11/2024,25,1
BZO-89081,NL13S808GHK,02/02/2024,28/03/2024,20,0
CBF-75520,ES08P707QYZ,25/02/2024,23/04/2024,35,0
LKO-10091,HZ78R445VNJ,26/01/2024,29/03/2024,10,0
BEE-58393,YJ40F737SPA,14/02/2024,28/03/2024,5,0
XBA-65202,TZ93X969AUB,20/01/2024,17/04/2024,45,1
KCW-90064,BM34T836LYZ,29/01/2024,04/02/2024,25,1
ELY-26529,QT85T501XBI,02/05/2024,13/04/2024,50,0
KNT-07817,LZ00G775XSZ,25/01/2024,29/04/2024,25,1
RRD-24873,VT46B987JVA,29/01/2024,20/04/2024,25,0
GPO-77765,GN46P028FFC,27/02/2024,04/10/2024,5,0
SGQ-71639,ZA46M691PUX,26/02/2024,04/11/2024,10,1
BHQ-15247,YR09P195ZPS,17/02/2024,17/04/2024,15,1
GUC-45683,PF42B724FUO,02/06/2024,04/09/2024,50,1
IKG-51913,PX36M868CAL,02/07/2024,28/04/2024,45,0
XHL-69925,MV75F996MZH,28/01/2024,13/04/2024,10,0
GSB-19226,US49P563DTR,02/08/2024,04/05/2024,45,1
LOZ-11318,OG75K854BYO,02/06/2024,20/04/2024,15,0
UNT-42766,KF11V833FZQ,18/02/2024,04/12/2024,10,1
TFD-83575,II68U623ZHW,02/05/2024,04/01/2024,30,1
ZJU-40687,VP15M498OLT,19/01/2024,31/03/2024,15,0
NGS-54999,ZE83G077HQR,24/01/2024,18/04/2024,45,0
CRH-36795,KZ94P329IQY,02/01/2024,04/05/2024,15,0
IAY-69621,EU12O236DFU,02/01/2024,04/08/2024,35,1
DMA-48071,WZ79L148REX,26/01/2024,04/02/2024,45,1
TYI-19665,VQ65P612MWD,23/01/2024,04/06/2024,40,1
EQJ-03602,YG07O939AJL,02/12/2024,18/04/2024,45,1
IMJ-34713,MY22D700NAG,15/02/2024,19/04/2024,15,0
OBL-32802,ED50L541PVV,23/01/2024,04/10/2024,5,1
VNI-97812,CE47W937JAR,18/02/2024,04/06/2024,25,1
NPF-46161,RK53R078CEU,01/10/2024,04/06/2024,10,1
JWP-50932,AI61Y791LKB,02/01/2024,28/04/2024,5,1
QRV-60561,VF87R104HGM,19/02/2024,25/03/2024,5,1
RXH-26896,ZS38M897QVN,02/10/2024,30/03/2024,20,1
KDC-35155,KM87G490HQY,02/06/2024,14/04/2024,10,1
CBY-03194,HI57I943AOK,13/01/2024,04/11/2024,35,0
UEW-03565,XC22D113BID,13/02/2024,29/04/2024,15,0
CZT-84906,FF81I669ATT,17/01/2024,04/07/2024,35,0
JVH-89975,PB19Z634HSS,02/11/2024,04/06/2024,30,0
JBG-18362,KQ95Y783OYF,16/02/2024,30/03/2024,15,1
JZW-77084,VO91F596QPI,19/02/2024,04/06/2024,40,0
UER-78778,LE19Y090KFN,25/01/2024,04/01/2024,35,1
XGG-22964,FZ10B154EJC,18/01/2024,13/04/2024,40,1
EGF-95058,UG39Y583OZV,02/10/2024,14/04/2024,45,1
URE-25665,CV15P783YFT,02/05/2024,29/03/2024,30,0
KTI-75583,GA76N757ZZA,19/01/2024,17/04/2024,40,0
HAK-97609,TO99D477QZK,27/02/2024,04/11/2024,45,0
XIO-34283,QO34H626GFQ,02/04/2024,28/04/2024,10,0
CXD-69846,ES53V728LGL,19/02/2024,14/04/2024,5,1
UWO-91784,TB44C965KUO,15/01/2024,23/04/2024,45,0
GSW-85363,RS66Z374UFL,24/02/2024,04/10/2024,20,0
YSG-63195,KA23F713QPJ,02/03/2024,13/04/2024,45,0
CLV-64992,QL84P199GRB,29/01/2024,21/04/2024,15,0
NVR-12536,SM82M514AUQ,26/02/2024,30/03/2024,30,1
MJA-98763,YJ94I233TMV,16/02/2024,04/03/2024,5,1
FHM-91166,XR85Q247CCV,27/01/2024,28/03/2024,15,1
RBJ-22883,PW78Z666DYN,02/04/2024,27/04/2024,10,0
DNA-70877,JD53T024YRI,29/01/2024,22/04/2024,5,0
PFL-59126,LV68C805QRZ,02/07/2024,15/04/2024,20,1
KVB-79323,BH47V006IFV,13/01/2024,16/04/2024,25,0
AOY-81142,ZM25B026PLK,02/04/2024,22/04/2024,20,0
XBJ-83001,MP80C389GIH,01/12/2024,29/04/2024,10,1
TDK-54609,TZ83V757BON,23/02/2024,27/03/2024,15,1
AQS-39537,GW62L578VER,24/02/2024,04/02/2024,5,0
YBH-36909,OI09D763JNB,02/06/2024,22/04/2024,10,0
JPN-03467,VS83G015VJY,21/01/2024,19/04/2024,10,1
HNB-99780,HV22J044SOY,19/01/2024,20/04/2024,20,0
DYU-51215,KN64W888OAD,02/02/2024,17/04/2024,30,1
HBD-99816,AI45J097DCW,02/03/2024,27/04/2024,5,1
KVZ-53598,AB56P454RQN,02/10/2024,25/03/2024,20,1
NWS-72345,ZR24D138TPB,22/02/2024,28/03/2024,15,0
WHI-38063,OG30L934GUH,02/11/2024,13/04/2024,15,0
ZQL-96692,BA44C063NSL,01/10/2024,04/10/2024,20,1
HEJ-02680,QE32Q464TKB,18/02/2024,27/04/2024,15,1
MAP-01921,KP33A765SXY,14/01/2024,26/03/2024,25,1
RCY-97051,BL45X106YUR,18/01/2024,23/04/2024,10,1
GEZ-08601,YS25T377XNR,13/01/2024,29/04/2024,30,0
QQM-84601,RY56Z823PYU,15/01/2024,23/04/2024,40,1
WTM-36992,HG79A489WSZ,21/01/2024,23/04/2024,5,0
KKT-52545,QZ16J175HOW,02/03/2024,19/04/2024,35,0
DNK-63427,XT78G256VKO,02/06/2024,04/04/2024,45,0
ODB-00996,QX48X733JZW,02/05/2024,26/03/2024,35,0
NSW-71189,GM77V877XVZ,19/02/2024,04/06/2024,15,1
JLM-75527,TZ51M533HOU,26/02/2024,04/10/2024,5,1
RHI-04955,VR55P218IEL,20/02/2024,04/01/2024,5,1
PUC-34101,QE31Z937WMZ,20/01/2024,21/04/2024,40,1
KMO-59963,FL01E553PKI,24/02/2024,22/04/2024,10,0
VME-26932,ZQ86I145KHL,02/04/2024,26/03/2024,40,0
FFO-80908,LR01U388TMW,02/02/2024,26/04/2024,45,1
ZEC-71597,JO62P836ELK,31/01/2024,26/04/2024,40,0
EVB-64319,YX27V005IBN,15/02/2024,18/04/2024,20,0
UEK-10018,XZ85M400JMP,01/08/2024,21/04/2024,15,0
YXN-62968,XS93O814ZTM,28/01/2024,04/01/2024,25,0
ZLR-94414,QV69L328MXN,23/01/2024,30/03/2024,10,0
KDS-92306,ON22U383LYB,29/01/2024,16/04/2024,10,1
ODE-83262,HH87O525KLC,02/11/2024,20/04/2024,35,1
WIR-56372,YC31Q211VRF,01/09/2024,04/04/2024,25,0
IYF-11697,UG74T409NSJ,13/01/2024,04/10/2024,25,0
CYZ-85085,PF49J078ZFT,23/02/2024,28/04/2024,40,0
HHJ-10920,SS36T424ULH,02/06/2024,04/02/2024,5,1
PWE-09599,QH19M956LOD,02/08/2024,04/06/2024,20,0
ENL-08699,KE31G286IRK,25/01/2024,13/04/2024,5,1
WEY-69017,UV96A868NLF,22/02/2024,26/03/2024,45,1
KMJ-86619,AE83W062JDV,30/01/2024,28/03/2024,30,1
FSD-17874,DZ90E353UCK,19/02/2024,19/04/2024,15,1
SQO-39829,CE35A291FID,01/09/2024,30/03/2024,5,0
TPI-56312,QW05U036YSK,27/02/2024,04/02/2024,15,1
SZY-93506,XV23T484KKB,02/03/2024,04/02/2024,25,0
NSE-20975,SE14N176JMI,20/01/2024,21/04/2024,20,0
KUK-75858,UB00Y737KAC,18/02/2024,24/04/2024,45,1
CHG-91394,DN27B637MAK,13/02/2024,04/10/2024,45,0
WBZ-78097,AD83H992RWB,02/04/2024,27/03/2024,25,1
KVR-15564,XN14L402VIQ,01/12/2024,04/05/2024,5,1
PVP-19549,TH57P572UEF,24/02/2024,16/04/2024,35,1
LUT-10093,NC13Y827YLK,25/01/2024,04/11/2024,30,0
EHM-45282,TT47I002ZFU,22/01/2024,04/01/2024,25,0
TZF-29528,KX72A789YGB,22/02/2024,29/04/2024,10,0
OCU-12142,QF08P193FUI,25/02/2024,20/04/2024,35,1
ZFV-53477,QT33K982OTE,01/08/2024,19/04/2024,20,0
PKP-82461,YV77H182HES,17/01/2024,04/08/2024,30,0
MUJ-38537,OB35I865NMU,20/02/2024,14/04/2024,20,0
PVX-71120,JC79M570CYI,02/03/2024,04/10/2024,15,1
PEF-11019,GU16S945EGL,01/10/2024,24/04/2024,40,0
NNN-20285,BE62G738DXQ,27/02/2024,04/06/2024,15,1
MOD-39400,TQ05O161PBV,18/01/2024,18/04/2024,20,0
YOO-76691,NZ85R778QMO,02/03/2024,04/05/2024,20,1
KHU-89932,TW68P538IEZ,02/07/2024,21/04/2024,15,0
FNB-55327,RX07A070AHM,25/01/2024,04/08/2024,25,1
AHJ-34602,SZ68N392MWG,02/06/2024,04/07/2024,45,1
NCU-43803,WJ53D579VMK,23/02/2024,14/04/2024,30,1
YFL-42376,FY75U763MKC,01/09/2024,30/03/2024,25,0
NIP-54194,UZ46X947UMJ,13/01/2024,31/03/2024,30,0
ZCN-40337,YI70V127PHV,02/09/2024,13/04/2024,10,0
MZG-60599,TX44F738SXM,25/02/2024,13/04/2024,45,1
HTU-65749,HK58V127GUH,16/02/2024,24/04/2024,5,0
HWZ-79065,FK71T589EWI,15/01/2024,18/04/2024,15,0
AIG-94772,CN90A376HVP,24/01/2024,29/04/2024,20,0
YEP-68998,GK88K471OEJ,17/01/2024,14/04/2024,20,1
QWL-36165,GX25O299HDA,18/01/2024,28/04/2024,15,0
CHI-00080,VM53R276VBI,02/02/2024,04/09/2024,40,0
IVN-92350,SC25R466RPL,17/01/2024,04/11/2024,10,1
RZR-36426,DS10J953NXH,19/02/2024,26/03/2024,35,0
OIR-02901,GG60F530SIC,13/02/2024,14/04/2024,30,0
KBL-88890,OW11L601NBY,27/01/2024,04/07/2024,20,0
PYA-10893,CG76D228FJZ,23/02/2024,04/01/2024,35,1
TUJ-84214,NJ34A666VDS,14/02/2024,28/03/2024,5,1
GFX-78117,LO00L203ODS,27/02/2024,04/03/2024,35,1
THU-52306,MF76F534QHY,01/08/2024,16/04/2024,40,1
ELR-67861,DF35H120UTW,18/01/2024,13/04/2024,35,0
RWW-28575,PS26Q431HCS,02/12/2024,29/04/2024,5,0
SRY-05001,WQ30U240ZTO,02/01/2024,25/04/2024,15,0
HTW-70988,UO03M982GPY,01/12/2024,16/04/2024,45,1
SBY-75706,XW62X695WWR,01/11/2024,04/12/2024,30,0
GMN-47190,VJ73X247TPO,21/02/2024,04/05/2024,45,1
HES-57332,HS28J749VAE,20/02/2024,23/04/2024,5,1
RHJ-93702,HI35Q366FIS,24/01/2024,16/04/2024,25,0
EJM-74328,SO73W275CUC,02/02/2024,04/02/2024,40,1
TWE-00676,QL76D004HVQ,02/01/2024,27/03/2024,30,0
TTJ-69717,VN53T903PCF,02/01/2024,04/05/2024,15,0
IYD-73813,TD50K341PFG,13/01/2024,25/04/2024,15,1
GAQ-55399,GG61L224MLB,27/02/2024,04/05/2024,20,1
YWM-74722,SH20R873JLK,20/02/2024,23/04/2024,35,1
ZSZ-97439,ZN34L309CMN,19/02/2024,04/06/2024,20,1
PZJ-80163,EB33R649UGM,02/10/2024,24/04/2024,15,1
TNT-21649,UN09V303PRP,02/06/2024,04/02/2024,25,1
SPX-35317,PG73W122VNA,27/01/2024,04/08/2024,45,0
ZLW-86229,SG28X057FJN,21/01/2024,23/04/2024,20,0
JPF-38185,YO26O322NXH,02/06/2024,22/04/2024,30,0
ZVS-42143,UK40C832PIC,02/09/2024,19/04/2024,45,1
CAU-17821,XS69F027VGB,30/01/2024,28/04/2024,45,1
QRH-54590,FN19D181DZG,02/09/2024,22/04/2024,30,1
ECL-71483,XS59S933PPZ,18/02/2024,27/04/2024,45,0
SYA-95712,FP63V142WWO,23/01/2024,30/03/2024,15,1
NXA-25791,YA87J150TZU,13/01/2024,26/04/2024,35,1
BNP-69939,QV80C901JRY,22/01/2024,29/04/2024,20,1
VYN-36891,ZW41W097CFU,15/02/2024,27/03/2024,35,0
BQM-88379,FS19R714AKM,25/02/2024,19/04/2024,35,1
HFC-91910,DH59Q871VUM,27/02/2024,19/04/2024,5,1
POA-90163,ID79M050JYF,01/09/2024,18/04/2024,35,1
KQD-47610,NE59K204ADT,13/01/2024,15/04/2024,40,1
KZH-92587,NX47L452QNK,01/09/2024,30/03/2024,20,1
LWP-57869,QK71V118NVN,19/02/2024,18/04/2024,25,1
OHG-31254,JS04L424EKG,21/02/2024,04/04/2024,40,0
RFQ-28525,WA89N611EAU,02/06/2024,30/03/2024,10,0
BNF-04840,PI04M087PVH,23/02/2024,30/03/2024,25,0
HBL-63565,GD45A097CNA,28/01/2024,04/09/2024,20,0
TSY-49316,VI51K828IFG,21/02/2024,04/01/2024,40,1
FCZ-42180,HP61V871TNY,21/01/2024,27/03/2024,50,1
KPP-31429,MW11F070WHN,22/01/2024,04/11/2024,10,0
YXP-97902,UW47R686QAB,26/01/2024,04/02/2024,25,1
FDT-82735,KP67D331MCT,30/01/2024,19/04/2024,35,1
HUP-60554,EQ72E559MCG,23/01/2024,28/03/2024,50,0
VTD-48908,RD15L573HTD,01/11/2024,04/07/2024,50,0
EZN-05791,CA28G062KFM,02/07/2024,04/05/2024,20,1
KUC-02981,DW46J383JSY,20/01/2024,18/04/2024,10,1
VYA-02903,LG55S620ZIC,02/11/2024,13/04/2024,45,1
ECY-19008,QT68X124VIH,01/12/2024,26/04/2024,20,0
RLE-08166,TS92R767UKR,02/11/2024,29/03/2024,25,1
TXX-30500,AJ55E345HGS,02/01/2024,04/01/2024,35,1
AEH-55932,MG76S647ADU,24/02/2024,29/04/2024,25,0
XYD-54715,UX19E849XWX,01/10/2024,21/04/2024,45,0
FSA-92921,KJ89K299LPK,01/09/2024,29/04/2024,45,1
TYU-56030,MP67L474MUI,02/11/2024,04/11/2024,5,0
YUU-44827,ME04O298QAE,17/02/2024,29/04/2024,15,1
JNE-11789,SA02U098MPW,01/12/2024,15/04/2024,5,1
RKI-68446,JJ69V216DEY,02/10/2024,29/04/2024,15,1
ZMG-30694,JF64F595AMZ,01/09/2024,16/04/2024,25,1
YDB-84461,YF42S042BTF,24/01/2024,19/04/2024,5,0
ZGW-67128,EX43Y058LVT,02/09/2024,27/04/2024,45,0
BWT-93319,YJ12H914CMD,17/02/2024,27/03/2024,5,0
TSH-82180,YT95A821WOF,19/02/2024,04/07/2024,30,0
LOD-72540,XV61W198IHD,13/02/2024,30/03/2024,10,0
OCG-16513,PF36A826RMN,16/01/2024,23/04/2024,20,0
RID-03725,MS86D686DQG,02/05/2024,24/04/2024,35,0
UJG-93488,SF38I276NBB,16/02/2024,20/04/2024,20,1
TNZ-37668,DF42O988FSA,17/01/2024,04/12/2024,10,1
JPG-04154,QO73N348NAI,24/02/2024,04/12/2024,40,1
YKW-20665,CC54B399HSU,01/12/2024,25/03/2024,10,1
RVP-12388,YI44Q895RZZ,17/02/2024,15/04/2024,10,1
APV-51137,EH42O350XKD,25/02/2024,30/03/2024,30,1
EJI-39703,ZG94K452UWZ,28/01/2024,14/04/2024,40,1
PTO-79766,XS00I767MPX,17/02/2024,20/04/2024,35,1
CSO-98321,QJ13R134VHB,24/02/2024,25/03/2024,30,0
NCJ-03725,YU24S111JCA,21/01/2024,19/04/2024,30,1
DTP-46176,RM16K918ZPH,27/01/2024,04/07/2024,35,1
LOI-21074,IW96D852NGT,02/12/2024,04/07/2024,5,1
ISQ-73998,RQ62A104CON,02/01/2024,15/04/2024,30,0
CYC-77639,VE07A620ENW,02/07/2024,04/06/2024,15,0
CNF-54291,OF34K963FLR,24/02/2024,30/03/2024,20,1
KID-91654,HM59N663QFP,19/02/2024,27/04/2024,35,1
YQB-15670,MX35G873RRY,01/12/2024,04/06/2024,20,1
AKJ-22711,HE29T454TNB,16/01/2024,25/03/2024,40,1
KXM-93242,UW05Y014MGG,21/01/2024,04/07/2024,30,1
EBM-24223,HX03V868ZRT,22/02/2024,22/04/2024,15,1
NPX-29618,BZ01R157GIA,28/01/2024,16/04/2024,15,0
GVT-12503,BD86O305VNE,31/01/2024,28/04/2024,5,0
JJZ-04762,UU60W628TZK,28/01/2024,26/03/2024,15,0
VIX-05568,DE44V766FZM,15/01/2024,04/09/2024,5,1
VKE-08602,FO98O221IDM,25/01/2024,29/03/2024,25,1
ZBD-55118,WE63Y692YHP,01/11/2024,04/05/2024,10,0
CHW-16576,TQ53Z275GLQ,16/01/2024,04/03/2024,30,1
FXO-62640,ZX77L713NJR,13/02/2024,29/04/2024,45,0
VAU-34948,ZA05X608WWM,30/01/2024,04/12/2024,35,0
YZJ-89160,FN88D133WHA,17/02/2024,04/01/2024,5,1
XZU-22265,IH32A961MFW,02/05/2024,28/03/2024,45,1
JID-04297,JW72B931DCX,19/02/2024,04/02/2024,25,1
HGT-77486,LY07J576UQL,13/01/2024,04/04/2024,30,1
PAF-44089,BR62I068LWT,23/02/2024,23/04/2024,45,0
AYZ-78016,QL11U262TKE,22/01/2024,04/11/2024,35,0
HDY-38602,CO82L713WCZ,02/09/2024,22/04/2024,25,1
TAE-31344,IP99N872EGJ,02/03/2024,04/11/2024,5,1
LVV-40616,RX02P700DRG,27/01/2024,26/03/2024,45,1
RFE-59474,IG08U948XRY,01/08/2024,27/04/2024,40,1
PIH-41492,QA86V735DUJ,22/02/2024,04/05/2024,5,0
CMS-46190,EA36U382UZQ,01/08/2024,04/09/2024,40,1
FAN-11590,IO68C600PBB,01/09/2024,16/04/2024,40,1
FNZ-92907,MG04X724ULA,02/08/2024,13/04/2024,45,1
XDU-55564,HK30Y794IWU,02/10/2024,04/08/2024,50,1
MON-90496,HW50H779XKO,23/02/2024,24/04/2024,10,1
RWV-40680,LX19W668RWO,19/01/2024,04/04/2024,10,0
RHJ-04583,ZK69R091XYB,22/01/2024,04/11/2024,25,1
RUH-83684,ZT72V531ELD,14/02/2024,31/03/2024,5,0
SOS-26308,JE12S765ZNM,02/07/2024,04/02/2024,30,0
SRE-62807,SN58B721OYC,25/01/2024,04/02/2024,35,0
VTM-67273,ON18G115XSC,02/09/2024,04/06/2024,15,0
TWX-83124,BN24E101EQK,02/02/2024,04/01/2024,25,1
YPV-99461,ZQ94T971RQH,19/02/2024,04/07/2024,30,1
OWM-68843,UV29M805ABC,13/02/2024,29/04/2024,40,1
ILK-79470,HR55L026XUD,02/05/2024,22/04/2024,45,0
XTQ-17477,CR23V983BOH,20/01/2024,04/03/2024,10,0
FMX-77248,JC67L134QOD,23/01/2024,04/12/2024,30,0
GVG-31198,FQ54Y416VTC,30/01/2024,24/04/2024,25,0
TAB-06662,UF55V209CAP,31/01/2024,25/03/2024,20,0
NPO-10922,SD73P215EDA,18/02/2024,04/11/2024,35,0
CGY-42847,CR51M075VKR,27/02/2024,04/11/2024,40,1
KCN-55575,ZY66Z572QTH,14/01/2024,04/12/2024,30,0
RED-49982,IZ86Y252PWB,26/02/2024,04/11/2024,20,0
GIR-48307,FZ26F607RVF,24/02/2024,04/03/2024,10,0
HIT-26425,OZ81M015VTK,18/01/2024,28/03/2024,25,0
HBP-39672,AG58R748EBD,30/01/2024,04/04/2024,40,1
HWB-70048,OE20L665GMX,02/09/2024,31/03/2024,35,0
YAI-38581,GH97N171XXJ,02/09/2024,24/04/2024,25,0
DMK-65903,PB46C796PJS,20/02/2024,31/03/2024,30,0
CML-45140,VT86B065VLH,01/09/2024,04/09/2024,5,0
GKD-77770,YX58G867AEE,27/02/2024,14/04/2024,45,0
BKO-86740,EK09L788ETX,02/04/2024,25/03/2024,45,1
FGR-91292,BK32A098GAW,18/01/2024,17/04/2024,5,0
OZR-11268,LF01X744WQB,28/01/2024,27/04/2024,40,1
GQD-64084,OE61S359HVI,26/02/2024,30/03/2024,5,0
CLX-10763,YR64J304IVT,17/01/2024,18/04/2024,25,0
DKA-37599,FZ94A740XBG,02/01/2024,04/01/2024,20,0
NVZ-72081,AH70G287JVV,21/01/2024,23/04/2024,40,1
SNG-02319,YN88A342IHY,26/02/2024,04/02/2024,25,1
UID-37750,UW50L585OPK,02/05/2024,27/03/2024,10,1
FYF-37427,MQ31T936WDQ,13/02/2024,04/06/2024,45,0
EKI-49433,WZ07M209BGZ,02/02/2024,30/03/2024,20,0
RBZ-83975,JV47C125DRS,02/04/2024,20/04/2024,20,0
VYV-53126,UR85M145JDO,14/01/2024,04/10/2024,20,1
FFA-31312,YB83R629PKM,02/05/2024,17/04/2024,35,1
PWX-68684,FX45T755FNO,22/01/2024,16/04/2024,5,1
NQP-01307,YR60J272OND,02/07/2024,04/03/2024,5,1
PYC-11977,DU63L727XKV,21/01/2024,26/04/2024,35,0
CYV-20980,UF80O088BYS,18/02/2024,15/04/2024,40,1
XQM-99025,LE24W211WYA,14/02/2024,04/02/2024,40,0
POA-39002,MO48G173HKM,24/02/2024,26/03/2024,45,1
VBH-71807,NZ60B391CIX,23/01/2024,04/11/2024,45,1
IUP-92858,DC33A191UXC,02/11/2024,25/04/2024,15,0
WED-82020,VW22F849CUQ,20/02/2024,22/04/2024,45,1
UXZ-61637,HL15O870BNR,26/01/2024,04/04/2024,35,0
KKC-76152,CH99Q848URN,21/01/2024,17/04/2024,25,0
UJQ-76271,QP31J444FWE,22/02/2024,24/04/2024,40,0
SGR-65629,LR92M277WLC,02/08/2024,27/03/2024,10,0
VEY-83651,WS20I630DSK,28/01/2024,14/04/2024,20,1
QZN-66738,ML79J184SXS,20/02/2024,25/04/2024,35,0
JGU-09700,XS25B371IDB,02/11/2024,29/03/2024,40,0
UQN-71766,VF28M618TBF,17/01/2024,22/04/2024,5,1
MCT-84721,KK56E569USA,01/10/2024,30/03/2024,45,0
JCD-49823,MD73B950TQA,14/01/2024,31/03/2024,40,1
EOU-65552,OQ50R170HWT,18/02/2024,25/04/2024,50,0
NCN-86554,RU88F230JIW,16/02/2024,25/03/2024,40,0
XMT-42650,TM57W732DWI,17/01/2024,04/10/2024,45,1
JLM-52031,LS25D135TNI,23/02/2024,04/09/2024,35,1
HYE-66745,PV29H636TMU,27/01/2024,15/04/2024,20,1
WDI-49050,YN39E095ENN,23/02/2024,19/04/2024,25,0
OTQ-15578,TI98B832EIH,20/01/2024,17/04/2024,25,1
NJU-66694,CE47Y139DFL,02/11/2024,29/03/2024,15,0
BJF-99781,KV09S286BIL,20/01/2024,28/03/2024,30,1
KIQ-26936,BH68T923JRT,02/09/2024,29/04/2024,35,1
FEK-94166,VI75I630DMK,14/02/2024,25/04/2024,10,0
RRM-68277,IP86R702YWE,16/01/2024,27/03/2024,15,1
JSU-54404,BV84B350ENZ,20/02/2024,29/04/2024,5,0
MCZ-48810,KH12V598UKQ,28/01/2024,24/04/2024,25,0
BMZ-37405,GG69A871YGL,28/01/2024,20/04/2024,20,1
ZUU-36798,JR70J927ZLT,22/02/2024,13/04/2024,20,1
UVR-08749,XZ56S639GYU,20/01/2024,04/08/2024,40,1
SVM-65960,VS17Q542ITO,01/12/2024,29/03/2024,20,0
MCN-36443,LP50H307JVY,01/09/2024,26/03/2024,35,0
KUY-60927,UI21Q226LZC,02/05/2024,15/04/2024,10,1
PTQ-84464,XI66X439XQJ,19/02/2024,04/04/2024,10,1
PSF-02302,SN83B216AIF,15/02/2024,04/11/2024,30,0
QFS-92539,XZ08S470GCP,17/02/2024,29/03/2024,5,1
REN-80394,NC42D625SOT,26/02/2024,26/03/2024,20,0
WTN-50267,ZE53L775UGU,21/01/2024,30/03/2024,15,1
ZFZ-01642,QC83J363GHN,02/11/2024,26/04/2024,35,0
TIK-07057,TP09S692JWL,28/01/2024,16/04/2024,20,0
LHM-97885,WY27X719JEQ,29/01/2024,18/04/2024,15,0
SWR-22948,XR21D477PAE,18/02/2024,04/03/2024,25,0
PSK-11794,RI78B338KMC,01/10/2024,27/04/2024,5,1
TBC-63334,XM85M689ZUS,18/02/2024,26/04/2024,10,1
SWK-13632,CI58Q598BOD,02/09/2024,17/04/2024,40,1
NHT-71787,GC13D273YJS,15/02/2024,04/10/2024,25,1
RMN-33213,GP61W430AGJ,01/12/2024,27/03/2024,20,1
SJS-13308,VA03H705WVT,15/01/2024,04/06/2024,40,1
HAG-07096,DB38B053AVA,14/01/2024,30/03/2024,5,1
JEC-17480,IG74W766ALS,02/07/2024,23/04/2024,45,0
UVI-08265,NH42P928UAE,26/01/2024,31/03/2024,45,0
JOK-17872,IJ89O664ONC,02/02/2024,13/04/2024,40,0
FSV-28476,DX79B132MON,01/08/2024,04/01/2024,35,1
YJR-21509,HZ59S739ADD,19/02/2024,04/11/2024,5,1
UQG-20491,GY02I749RHY,02/02/2024,27/04/2024,45,0
NZY-50783,CU40D966MUS,02/04/2024,13/04/2024,20,1
STD-13053,FT44W296IOE,13/02/2024,29/03/2024,30,1
RJC-85748,GN46L718AAC,25/01/2024,22/04/2024,20,0
VKB-50061,SJ76O350IWE,14/02/2024,04/12/2024,35,1
OXE-64936,GP27L326SZV,02/11/2024,04/06/2024,30,1
NRS-40908,ZX83N379PLJ,02/01/2024,26/04/2024,10,1
GGP-05008,PB79G829WTW,21/01/2024,29/04/2024,15,1
CTC-93904,BN93E686RQS,23/01/2024,04/11/2024,5,0
HMV-04314,JG09B078TRH,02/11/2024,24/04/2024,35,1
DNG-76888,IS96H049XGW,29/01/2024,27/03/2024,35,0
FXN-53707,FY67X775XBT,02/09/2024,04/05/2024,25,0
OMI-23469,OM18F221YOF,02/03/2024,21/04/2024,35,1
XYM-68988,NP70G326DEB,20/01/2024,18/04/2024,40,0
BLJ-90345,EM61S178UFT,02/08/2024,20/04/2024,40,1
CLD-40263,JC61B369IFQ,18/02/2024,18/04/2024,25,0
NVV-41982,BJ11I016BGI,02/11/2024,04/10/2024,10,1
MUR-99928,SR17V828KRD,20/01/2024,04/07/2024,20,0
OSB-77289,IK18G205YTN,02/07/2024,04/11/2024,5,1
CFX-74437,BL38F548ITJ,24/01/2024,24/04/2024,5,1
WBO-40739,EM06N362VVV,02/06/2024,04/11/2024,25,1
HPY-58978,CK66P472SRB,19/02/2024,04/04/2024,45,0
FRE-56900,YJ39V386LEA,02/10/2024,31/03/2024,35,1
QHK-84327,IT50E668MRP,02/12/2024,31/03/2024,45,1
OOR-47875,XE90H508VWW,13/02/2024,04/01/2024,25,1
MRK-10741,VL77H474FCR,02/02/2024,29/03/2024,10,1
FLF-32710,TZ74Z777EGI,27/01/2024,29/04/2024,35,0
TZK-03516,GM52D732BXB,20/02/2024,24/04/2024,30,0
MLP-66980,JF91P672HOM,16/01/2024,21/04/2024,20,1
SAX-35594,AP11F597TTX,01/10/2024,18/04/2024,45,1
TQX-30178,KL36Q681MSY,16/02/2024,31/03/2024,30,1
QFV-43348,OV40L721GYZ,02/02/2024,04/11/2024,40,0
QOE-56926,IH98J030UGA,25/02/2024,15/04/2024,10,1
MVA-27707,PV39Z602URM,30/01/2024,14/04/2024,30,0
FIC-68232,NF91S037AGT,01/09/2024,27/03/2024,45,0
YPI-57307,WD10J827IOM,26/01/2024,22/04/2024,10,0
AZJ-73183,SG14P407BZX,25/02/2024,04/03/2024,45,1
BRB-69417,ZS02R850GZX,19/02/2024,27/03/2024,25,1
RGK-25463,JV27R039DVD,21/02/2024,25/03/2024,50,0
VFI-41246,YU79A053CIM,21/01/2024,04/01/2024,30,0
WKT-08100,AG48H567OVA,25/01/2024,04/03/2024,30,0
WGI-69035,NF23I170CET,19/01/2024,31/03/2024,15,0
LCJ-06624,HG49G255GZZ,24/02/2024,04/01/2024,15,0
YKQ-67131,MS61E791KAZ,01/08/2024,04/12/2024,25,1
EQZ-77600,XV21T294QTC,17/01/2024,22/04/2024,30,0
OKK-71392,WL39Z639FRB,01/11/2024,27/04/2024,10,0
SDL-46841,MW78X068VMP,18/02/2024,25/03/2024,35,0
FCU-04913,LF24W947FWM,25/02/2024,04/06/2024,35,0
GQZ-78616,IH97E419JQL,28/01/2024,18/04/2024,40,1
VFG-76885,XD21S068DHA,22/02/2024,04/03/2024,45,0
RPD-42853,OC13P416XHN,02/07/2024,16/04/2024,45,0
KZR-40884,EN73J253VQE,24/01/2024,04/05/2024,5,0
AEA-09221,TA30B936NWD,19/01/2024,14/04/2024,20,0
RSJ-25707,EM08K579VZS,15/01/2024,29/04/2024,30,0
QON-86088,QF73K224NFW,14/02/2024,18/04/2024,25,0
OBD-16148,AA78E705DAB,15/01/2024,21/04/2024,25,0
VSG-45761,TG62S209MEB,24/02/2024,16/04/2024,30,0
YSK-55846,DA94R749HXZ,15/02/2024,04/10/2024,25,1
VLD-69354,ZO81D282WSJ,22/01/2024,21/04/2024,25,0
SVK-49653,FO19U951LMD,28/01/2024,04/07/2024,45,0
TDI-43067,WT09J515UGG,13/01/2024,27/04/2024,25,1
UOY-19199,TK70U888ZWO,02/01/2024,28/04/2024,25,1
YBK-45508,JS21K856RYH,02/08/2024,15/04/2024,35,0
LLR-44247,FE78Z500NXV,13/01/2024,27/03/2024,45,0
MYW-58134,IR68L897LLP,25/01/2024,25/04/2024,15,0
JBO-72192,XO31H382RFC,23/02/2024,04/04/2024,45,1
DXG-80979,OP16Z995RGT,28/01/2024,29/03/2024,10,0
QJF-53127,CU47I409VIU,17/01/2024,18/04/2024,40,0
DTO-70277,MX07H544IJM,02/01/2024,04/07/2024,30,0
HOP-91174,BE32X113NOH,02/09/2024,27/03/2024,15,1
KJO-79467,DV90D034IZR,13/02/2024,28/03/2024,10,1
QRJ-44519,YE73Q635EZY,02/08/2024,14/04/2024,30,1
YTR-17385,OZ59H458JYJ,19/02/2024,18/04/2024,5,1
ZSE-60594,RE53Z511ASA,17/02/2024,04/08/2024,20,0
KDY-34831,HD16F040YMT,26/02/2024,16/04/2024,35,1
FIA-58646,CU65C911VBU,13/01/2024,04/12/2024,25,1
JNT-37473,HI86B476KQR,13/01/2024,04/08/2024,5,1
NED-01548,VG61I748SOQ,17/01/2024,04/11/2024,40,1
NGE-30140,YK11Y491FYH,13/01/2024,25/03/2024,25,1
YMX-43150,CM95V908ZEP,21/02/2024,04/08/2024,35,1
GAH-23075,DJ12K645BFZ,01/10/2024,04/11/2024,35,1
VZB-72509,RZ17Q376DLI,18/02/2024,04/01/2024,45,1
RJD-42100,XY13Y171FQI,15/02/2024,26/03/2024,15,1
KRW-49337,SA95F796AOE,01/11/2024,04/06/2024,10,1
QQW-02433,VS04A935ONO,13/02/2024,22/04/2024,5,0
SOJ-27421,BP83J862VHI,30/01/2024,19/04/2024,10,0
LQG-53982,CT89O462RSS,17/01/2024,04/06/2024,25,0
CAL-31966,ZW12H803PXK,27/02/2024,04/03/2024,45,1
RDA-29217,OX63J397PJX,18/02/2024,26/03/2024,35,0
QKP-52017,IL33P780VRJ,26/02/2024,13/04/2024,5,1
TVQ-28510,VL30F683ZAD,26/02/2024,29/03/2024,45,0
HYY-10339,OJ27Q304CKC,23/01/2024,25/04/2024,45,1
ZSF-85245,TP95P732OCG,02/02/2024,13/04/2024,20,1
DBH-35529,QW18A762XZL,01/10/2024,04/02/2024,40,0
DTE-01299,NO77E825LYY,23/02/2024,29/04/2024,50,0
SWV-59927,WR14E331FMS,13/01/2024,19/04/2024,20,0
PPP-76997,BW73O298MYE,01/12/2024,30/03/2024,20,0
EXA-19057,DG48P729LRE,26/02/2024,23/04/2024,30,0
CKW-63144,AD89T119MCZ,16/01/2024,17/04/2024,35,1
XNP-94128,ST55Z068IOI,27/01/2024,31/03/2024,45,1
SXK-51603,AR70O990RRQ,16/01/2024,04/05/2024,10,0
AAO-69393,SA67D813OJT,19/01/2024,04/08/2024,45,1
LDJ-45639,CA10M265JFZ,02/11/2024,20/04/2024,20,0
IBI-33308,JP03X880KIV,14/02/2024,04/03/2024,45,1
ANQ-47077,WH40O252POT,01/12/2024,26/03/2024,25,0
KNN-45155,PG34P968CDE,19/02/2024,29/04/2024,40,0
FNS-68804,JB93C930LSO,22/02/2024,21/04/2024,10,0
PML-24029,HA13E309OQA,16/01/2024,04/02/2024,20,1
SRG-18767,KS21S929UOV,31/01/2024,04/05/2024,25,0
BQY-45193,UI08M032CPU,19/02/2024,23/04/2024,30,1
HUF-26956,CQ94T956PQF,22/01/2024,04/03/2024,35,1
FLB-60456,VC68E856BTK,02/07/2024,15/04/2024,20,1
ZPY-93321,CI74H413PLT,01/10/2024,04/04/2024,20,0
LRT-41739,KE28I738TRR,19/01/2024,16/04/2024,10,0
WVI-06067,ZD15K849SDK,15/01/2024,29/03/2024,50,1
NAT-21446,WP13J494TNW,28/01/2024,31/03/2024,30,1
CAX-18205,VG86Z412UBR,23/02/2024,26/03/2024,20,1
RST-87819,CJ42F364UJN,25/01/2024,27/04/2024,45,0
MML-63530,QU17V531EGV,21/02/2024,31/03/2024,20,0
HNN-06871,FO97E727BIC,27/01/2024,30/03/2024,20,0
DWS-45315,GM67I786FCC,26/02/2024,27/04/2024,25,0
CNC-98914,NI55C715VOQ,23/02/2024,27/04/2024,20,1
ZHW-01464,FX73R977WFE,02/01/2024,04/01/2024,20,1
DLH-35107,VB21H201XZG,24/01/2024,04/08/2024,30,1
MLY-44705,TJ92P091UKY,01/10/2024,04/04/2024,10,1
JHB-90449,DU85N378GRX,02/07/2024,04/10/2024,45,0
GAJ-68319,YE99I064TYM,16/02/2024,26/03/2024,15,1
QWB-23086,WS09R517GGF,21/02/2024,28/04/2024,10,1
INW-45170,US60R478FJZ,18/01/2024,29/04/2024,5,1
PKX-19625,KH21T466LKW,01/12/2024,19/04/2024,40,1
SOT-54635,YU27G527KEY,29/01/2024,04/09/2024,20,0
RLJ-24418,TN40N639NNP,18/02/2024,04/03/2024,25,0
OMY-58623,TU92U370MGC,15/01/2024,16/04/2024,40,0
DEJ-43115,OM19N192ZYA,02/09/2024,14/04/2024,45,1
GZK-39927,JY16M099GNK,16/01/2024,04/08/2024,20,1
VXB-85464,MF61C352JSG,21/01/2024,29/03/2024,5,0
STP-27222,JM71P492QEZ,22/01/2024,04/12/2024,35,1
KNI-62550,TX94L881BAE,20/02/2024,04/06/2024,25,0
MRY-33349,DU41M772ZTV,25/01/2024,04/01/2024,30,1
YQO-96638,HC84A602HQE,31/01/2024,04/05/2024,10,1
TCR-35866,GP88D269HMB,02/06/2024,04/11/2024,15,0
HVI-81558,QT10T419NMQ,22/02/2024,04/10/2024,25,0
VOA-65386,GB81S381KXC,26/01/2024,28/04/2024,40,0
RIR-91997,VM06W284YXK,13/02/2024,15/04/2024,10,1
FHJ-99777,OP33R672VIK,24/01/2024,04/12/2024,10,0
YNG-14680,VT02H015GGI,29/01/2024,17/04/2024,30,1
HML-31384,ML49I160OEZ,28/01/2024,29/03/2024,25,0
NST-01723,IX74F667AYK,30/01/2024,04/11/2024,40,0
GNX-30299,FC30U339KIU,15/02/2024,04/05/2024,20,0
LIC-37864,CB35V901BWO,26/02/2024,29/04/2024,20,1
DTZ-93560,BF07H531NGD,25/02/2024,04/08/2024,30,1
NFG-16496,JL14Y711EVR,20/01/2024,29/04/2024,35,0
PYB-17242,NC88B940RYL,02/04/2024,17/04/2024,10,1
JWC-72611,SP55E632OHW,02/09/2024,04/09/2024,35,0
WXY-42655,SA06V963TUS,30/01/2024,29/04/2024,20,0
KGP-14913,DW28Z629HRO,28/01/2024,16/04/2024,30,1
ICO-70881,SG92L694MWU,27/02/2024,26/03/2024,10,1
NTC-36262,TA39U764JUG,25/02/2024,04/10/2024,10,1
GPA-18973,ZB26J712JHF,02/12/2024,21/04/2024,40,1
RLF-61765,ZM12X245YPQ,20/01/2024,19/04/2024,40,0
TMU-54039,GQ79J433ECZ,21/02/2024,23/04/2024,40,0
PCC-20414,BX96E669ZST,16/02/2024,27/04/2024,15,1
WFH-22922,XK76Y155MCA,18/01/2024,25/03/2024,20,0
VHG-94089,JY97U873UVU,16/02/2024,04/06/2024,10,1
DFS-61126,EI46P501WCH,26/01/2024,04/01/2024,35,1
ZMX-00589,LL57H129LMX,22/02/2024,26/04/2024,45,1
FTW-91813,MO52B865QMW,16/02/2024,04/03/2024,20,1
WEU-09776,IE70H050XCU,28/01/2024,22/04/2024,25,0
LUZ-12285,SN59I516EWT,19/01/2024,15/04/2024,30,0
DHT-25225,EU29N483FVX,27/01/2024,29/03/2024,30,1
HVF-82001,FR49F052UWC,02/06/2024,28/03/2024,10,1
ZKR-28546,HX74Y705NKR,02/07/2024,17/04/2024,40,1
EQN-46999,LJ23F901KLJ,24/01/2024,04/08/2024,20,1
QSC-51708,HX14X697AUD,02/09/2024,17/04/2024,25,1
BAO-19729,UW57D601PBQ,17/02/2024,04/04/2024,10,0
AVH-73381,PJ03F839QBL,17/02/2024,04/02/2024,25,1
WKP-77030,KX55I754HNW,02/04/2024,25/03/2024,20,0
YLH-27164,TZ98N412MRA,25/02/2024,04/07/2024,45,0
ZEP-41850,YG06J071BQQ,23/02/2024,04/02/2024,10,1
QDJ-65351,XD33J205BJP,14/02/2024,27/04/2024,15,0
PCN-85238,PE00P518PMH,30/01/2024,04/11/2024,30,0
KWF-02995,PW86R488YOQ,02/11/2024,21/04/2024,45,0
ERN-41709,HJ39I091TPV,21/01/2024,24/04/2024,10,0
QPU-49717,GC72I405KKX,13/02/2024,17/04/2024,30,0
DIK-58666,TO00A421DWF,15/01/2024,27/03/2024,10,1
CUM-39629,FA03G386EMP,25/02/2024,17/04/2024,40,1
KBK-92783,AU58M576AFL,16/02/2024,04/11/2024,35,1
ZKU-88534,ND39T388XFU,02/07/2024,29/04/2024,40,0
AEZ-15238,WY27X050VIA,02/10/2024,04/12/2024,40,0
YMC-82707,FL33V191GSR,02/06/2024,04/07/2024,5,0
JRI-37767,NQ44P662HPW,25/02/2024,19/04/2024,35,1
EGI-70415,FL96M574JZL,02/06/2024,30/03/2024,25,0
FHE-81934,IO94Q194NEX,02/07/2024,04/08/2024,30,1
ZNU-76614,ID75T562TJN,30/01/2024,18/04/2024,15,0
ZBX-82015,JG39X645LKZ,19/02/2024,20/04/2024,35,0
DUS-70505,SL27L678FUT,02/12/2024,04/05/2024,40,0
GEN-42720,LO46I336WBM,02/02/2024,04/05/2024,45,0
WHL-61244,AG79Z502MUV,15/01/2024,17/04/2024,25,0
JAU-83073,DV62V485RTC,02/08/2024,23/04/2024,15,1
ZRQ-35183,TC60U972LVR,02/09/2024,04/10/2024,40,1
QEL-73614,EM03Q085RBF,27/02/2024,31/03/2024,5,0
NBJ-76896,LC00Y947XKI,19/02/2024,19/04/2024,5,1
MFD-59251,AQ10D321YLO,02/01/2024,13/04/2024,35,0
QND-86180,RR98N174ZXD,26/02/2024,28/03/2024,20,1
GIC-61064,DP94H562TVY,02/09/2024,04/10/2024,20,0
IUU-39926,MO35T410WNJ,24/01/2024,25/04/2024,5,0
JYS-93405,XR60T035APO,18/02/2024,26/03/2024,10,0
UFZ-43645,IH64Y835LBR,20/02/2024,23/04/2024,20,1
PHJ-41104,TT12K663JJX,02/01/2024,20/04/2024,25,1
RAX-91538,JU25G422SLJ,31/01/2024,26/04/2024,20,0
YCD-17038,CP51M074RIO,23/01/2024,21/04/2024,30,0
OXT-27854,HJ54Z643BOO,21/01/2024,04/07/2024,30,0
NJG-83141,ZB37A152BUU,01/11/2024,04/11/2024,40,1
WJB-51886,FH74E358KZC,01/09/2024,23/04/2024,10,1
SQW-24281,EG94X405JMA,01/08/2024,20/04/2024,30,0
SXP-33883,MN13K052SLS,02/08/2024,30/03/2024,40,1
ONK-54643,YY87L861TBM,01/10/2024,18/04/2024,45,0
WON-71258,CG20B227FGA,17/02/2024,04/04/2024,45,0
KPV-61572,TW24K892RDB,20/02/2024,04/07/2024,10,1
CMI-41430,PL95Q688MZS,01/09/2024,26/04/2024,35,0
UBM-00039,CW31H191NKZ,02/12/2024,04/03/2024,30,1
PTW-55374,PP55Y159TUZ,23/02/2024,25/04/2024,10,1
PWC-77972,SS64X708XEN,20/02/2024,29/04/2024,40,0
TGZ-58088,UI16P817YGK,14/02/2024,25/03/2024,45,0
HYP-42158,KO53R554ZKJ,14/01/2024,28/04/2024,30,1
NJU-39008,DS33H572NIO,23/02/2024,04/11/2024,30,1
FGG-98017,BP54N322BOE,22/02/2024,18/04/2024,5,0
FII-44717,PM88Q729XMM,29/01/2024,04/05/2024,5,0
XUD-36354,ME79D003UFC,23/02/2024,04/06/2024,35,0
ZJR-11526,XA04B356IGS,25/01/2024,04/03/2024,15,1
QPQ-39890,OO45Z362IOP,15/01/2024,28/04/2024,50,0
FHG-48761,DX78Y676JHA,02/02/2024,04/10/2024,10,1
WYZ-13395,MR12K161HCG,25/01/2024,21/04/2024,30,0
UDW-35134,BZ16B367ZXD,31/01/2024,31/03/2024,35,1
NPX-34883,KG14U619WMT,13/01/2024,15/04/2024,25,1
QOQ-09825,FH31E582GJT,19/02/2024,04/04/2024,5,1
ADR-99282,GU43M781GJN,18/01/2024,25/03/2024,30,1
HCW-37454,MQ91M031DYE,15/02/2024,15/04/2024,20,1
QZU-44497,SR24S386BHS,02/10/2024,16/04/2024,5,0
CSX-45498,ZU02O186LRL,30/01/2024,25/03/2024,35,1
JCK-00958,KY83L311COQ,30/01/2024,20/04/2024,25,0
DOE-95306,TR38U072VYG,27/01/2024,30/03/2024,30,1
PIW-96466,YL76N231FYS,30/01/2024,25/03/2024,35,0
NOL-82275,QE09B446MTB,28/01/2024,13/04/2024,35,1
TTE-91984,DN88F613UFP,14/02/2024,27/03/2024,30,0
FHC-82833,TC96Q296FDU,23/02/2024,04/06/2024,20,0
NSC-67873,UI47D054CMK,30/01/2024,27/04/2024,35,0
YNB-59015,TL28U508FXC,30/01/2024,16/04/2024,15,1
ZHY-91844,IW61I262BSH,27/02/2024,17/04/2024,35,0
UUC-42190,TW74H325NND,16/01/2024,29/04/2024,35,0
RJO-74023,BF46B244XEF,21/02/2024,22/04/2024,15,1
RLK-34892,PZ46T133ODW,21/01/2024,29/03/2024,40,0
DAU-85706,BR71P420GOS,25/02/2024,04/06/2024,35,1
GZM-55936,ZJ33B049ZBT,25/01/2024,04/02/2024,5,0
RCO-86573,OP34B844LTH,01/08/2024,27/04/2024,10,1
JJW-70882,GN85W022TRF,26/02/2024,25/03/2024,25,0
XBI-79339,LD62K976UZF,01/11/2024,04/05/2024,10,0
AEP-92106,KX94T598PNR,15/02/2024,21/04/2024,15,0
IRK-91133,IG66Q853XQR,01/09/2024,21/04/2024,15,1
ECY-09203,VR01G349UVS,02/12/2024,13/04/2024,25,1
JCE-45562,LG83E636JNS,01/08/2024,04/01/2024,30,0
GCK-20702,FQ32H110UAS,01/10/2024,25/04/2024,15,0
UXO-56285,YJ91Z820FSF,17/01/2024,04/02/2024,35,0
AHJ-12824,BP90I676RQD,18/02/2024,04/02/2024,40,1
TWH-54941,QD71N816XUC,25/01/2024,04/02/2024,5,0
IQS-64806,ZC16K551FWN,18/01/2024,04/04/2024,40,1
EKU-14560,XI63A057VTJ,16/02/2024,04/12/2024,25,1
BIY-61464,ZC15V602ZDZ,14/01/2024,14/04/2024,35,0
SSV-04596,WN41R794ONG,02/01/2024,04/11/2024,45,1
GOK-32300,CV58P420RGI,01/10/2024,15/04/2024,30,1
TND-86192,VY37W625DRP,30/01/2024,18/04/2024,45,0
SQK-49181,XJ96T345EFS,27/02/2024,26/03/2024,5,0
FNT-52348,ZH22S975SJW,20/02/2024,14/04/2024,5,0
ECU-40063,DG61U158SVO,22/02/2024,29/03/2024,5,0
OOJ-86402,HB29Y153HYC,02/08/2024,04/08/2024,20,0
MDW-63676,WK62T203XTN,02/06/2024,23/04/2024,15,1
LZQ-00800,KA36Y659XKP,19/01/2024,04/01/2024,25,1
INC-21330,II12G268YSK,01/10/2024,22/04/2024,10,1
NAF-07403,IF90H413WPH,21/01/2024,17/04/2024,45,1
AOB-66270,AW44V651HSR,20/01/2024,24/04/2024,45,1
PGQ-04447,KE06O151MBW,17/01/2024,22/04/2024,45,0
NGC-71356,BY11K704WCS,01/12/2024,22/04/2024,5,0
BNS-34294,MP42B727LZS,25/02/2024,31/03/2024,25,0
PZB-33922,XV22U714SJO,18/01/2024,25/03/2024,15,0
TWC-17881,XN57Q081SQR,02/10/2024,31/03/2024,25,1
NGU-54907,CQ04L882SMQ,02/05/2024,27/03/2024,10,0
RBY-87869,YG65N066DQI,24/02/2024,17/04/2024,10,1
KNI-94352,GT70Y677SUH,01/12/2024,04/01/2024,15,0
XXD-36961,UA37J509DWG,24/02/2024,04/11/2024,35,0
XYS-91170,QU09B886GIR,23/01/2024,19/04/2024,25,1
JDG-70980,CX39B361CKA,02/01/2024,04/03/2024,40,0
GJS-06694,FG20D623AGM,28/01/2024,29/04/2024,40,0
TIJ-62907,VZ53H680EYO,01/12/2024,19/04/2024,40,0
MET-60761,WF55V550YSV,28/01/2024,27/03/2024,10,0
GMG-27242,AY15L095VYZ,21/02/2024,04/01/2024,45,1
ZID-45787,OZ35S890HUB,26/02/2024,04/04/2024,10,0
SWQ-82963,XU12I366GWI,01/09/2024,04/08/2024,15,0
GKP-31866,JR24P346BPJ,02/03/2024,13/04/2024,15,0
ERK-10054,IW40D291OFG,31/01/2024,15/04/2024,30,1
DNC-33437,DH01Q689LXC,20/01/2024,23/04/2024,40,1
DFJ-54300,HB93M295UKZ,02/06/2024,30/03/2024,5,0
QTD-36161,GJ10V809VCS,18/02/2024,17/04/2024,35,0
OXP-30840,AY37J228DGV,01/10/2024,04/03/2024,25,0
IQK-30834,QZ76J392QAR,24/01/2024,04/12/2024,15,1
TYV-02102,TL97N339BTX,01/11/2024,24/04/2024,35,1
DIG-60917,IB98G477SUZ,30/01/2024,04/04/2024,35,1
HIT-75017,TJ99J351NBY,27/02/2024,04/04/2024,5,1
RTD-24834,NC10S426LTZ,16/02/2024,04/11/2024,40,0
ZQH-27598,OA07E943KNM,16/01/2024,04/11/2024,20,0
KKO-90053,DS88F634QVZ,25/02/2024,04/02/2024,30,0
HDV-58110,SO22D960DQK,18/02/2024,28/04/2024,35,1
FSC-11574,AU61U461FEV,23/02/2024,04/03/2024,15,1
FPH-26407,VS46O670WMG,02/11/2024,04/02/2024,40,0
VCX-71134,DM67X264EDT,19/02/2024,29/04/2024,45,1
ZMI-98499,DX74Z871SEP,25/01/2024,25/04/2024,40,1
ONJ-50066,HS27T437HZO,15/02/2024,24/04/2024,5,1
XSI-38994,GE38H379CQN,22/01/2024,21/04/2024,50,1
PTQ-44693,OH20P555SNE,01/09/2024,24/04/2024,45,1
ESY-59787,KP91C388EVC,01/11/2024,04/07/2024,35,0
QGM-02495,HB25M646XJP,19/02/2024,28/03/2024,15,0
PRY-55973,AT57Z262JBB,23/01/2024,27/03/2024,15,0
UKT-78314,WW63I039IGP,02/11/2024,14/04/2024,35,0
CKS-79952,QF44K452NHJ,28/01/2024,20/04/2024,5,0
BCO-22668,KK90V015GOR,14/02/2024,15/04/2024,30,1
MSW-28945,XK98R462OHW,13/02/2024,04/09/2024,20,1
SZT-49139,MZ40C863UWG,13/01/2024,28/03/2024,30,0
FZP-20032,JR14F620HHN,25/02/2024,28/04/2024,45,0
CMK-81724,KW22O668GXI,02/09/2024,23/04/2024,5,0
MCP-10060,EW50K306OGN,13/02/2024,24/04/2024,45,1
FCR-48167,XG71C828NJF,22/02/2024,04/02/2024,10,1
EUQ-70863,XU49G340TMQ,24/01/2024,04/04/2024,15,0
LZB-06903,IX03L545PVT,20/01/2024,04/12/2024,35,0
CGU-21947,VX19D858JNL,18/01/2024,04/01/2024,45,1
LCB-40202,PV03S959UBK,18/01/2024,29/03/2024,10,1
LSP-41166,GF39O190ROI,21/02/2024,21/04/2024,40,1
RVL-67352,UX47R822CCI,02/03/2024,29/03/2024,35,1
SYG-34855,WV73L438RVD,02/07/2024,28/03/2024,50,0
DAP-69878,MO35Y939XAO,21/01/2024,04/12/2024,40,1
SOD-35429,JL93R274OYS,02/02/2024,04/11/2024,30,1
OSC-74578,MQ55C154YPS,02/06/2024,29/04/2024,25,0
GEP-35815,VV96Y807EQU,01/12/2024,16/04/2024,25,1
MGO-93456,ZF75P337ETY,22/02/2024,31/03/2024,45,0
AAN-28190,AU93H991HAO,02/11/2024,04/05/2024,15,0
EHH-13282,GV02T504KGG,20/02/2024,18/04/2024,5,0
FKY-96737,PX43Q778OAR,02/10/2024,22/04/2024,35,0
XKZ-58530,IB78C547TNF,23/02/2024,25/04/2024,25,1
XGN-27249,AP93E938MNO,25/01/2024,31/03/2024,15,0
SSW-98369,EI85A973DPP,25/02/2024,22/04/2024,5,1
QOD-92091,PY98G058XWX,16/02/2024,04/04/2024,5,0
CEH-76229,GA55E394WAX,14/01/2024,04/07/2024,35,0
KGJ-47389,PE55L660YGF,31/01/2024,27/03/2024,10,1
FWW-75045,EY91B780JIZ,02/10/2024,04/11/2024,5,0
OIO-75200,BE89I207RDA,31/01/2024,15/04/2024,5,1
QTP-75328,HU90D859WNM,01/12/2024,21/04/2024,30,0
NSN-43932,CP82R714WAZ,02/01/2024,04/07/2024,30,1
YVL-74334,GS85G260USZ,22/01/2024,04/04/2024,30,0
JFU-70895,FH22Q642SCB,29/01/2024,20/04/2024,20,1
XZH-50612,CR64Q273MTK,16/02/2024,15/04/2024,35,1
LAE-39923,MF35Q594VRX,01/10/2024,04/05/2024,30,0
ZTZ-48921,PG43U353VBP,15/01/2024,04/06/2024,40,0
WDD-19695,NQ12T983ACI,01/10/2024,18/04/2024,15,1
COO-27600,KX22N710CWI,16/01/2024,25/04/2024,20,1
QWD-86474,OV54J696COV,01/11/2024,26/03/2024,35,0
LHX-00597,LU42Y991ICZ,02/11/2024,04/04/2024,25,0
IRT-45168,NF24B818GJU,16/02/2024,04/01/2024,45,1
DWT-43765,BF11Y800NCT,02/09/2024,28/03/2024,40,1
VUC-61834,MB10I430NGR,02/03/2024,04/02/2024,10,1
ZDU-88623,UY57P076QJV,01/08/2024,17/04/2024,25,0
WHJ-74901,FD01I420NQF,27/01/2024,24/04/2024,20,0
WBR-75402,TV83C104BYG,02/10/2024,04/11/2024,15,0
BWU-36083,LY73Y521OTM,02/07/2024,31/03/2024,45,1
BCN-11763,WE04A965MFA,19/02/2024,21/04/2024,15,0
YYJ-70942,LC53G910JTS,01/11/2024,15/04/2024,20,0
HSB-89545,AX10H521NJK,02/10/2024,27/03/2024,20,0
NRZ-66083,HS21C007QDB,31/01/2024,20/04/2024,5,1
RLL-46382,KK50V109KXA,01/08/2024,04/08/2024,45,0
ZNI-36130,HI25D246FRP,02/10/2024,31/03/2024,30,1
DJX-49835,PL61S329BPI,14/01/2024,25/03/2024,5,1
KGG-31668,NO43O030BGO,02/08/2024,14/04/2024,20,0
FLF-90589,LS31M786QEU,01/09/2024,24/04/2024,15,0
JFM-85395,OO26O974DSB,01/09/2024,04/06/2024,20,1
MVN-17758,PK22X561NDM,23/02/2024,04/04/2024,25,0
NWH-68847,FI87E670WXT,02/01/2024,28/04/2024,25,1
KDE-60370,HH91N591QRM,24/01/2024,29/03/2024,40,0
ZBE-31988,UU67T586VAC,02/07/2024,25/04/2024,15,1
LMF-11646,PG28T369IWF,01/12/2024,28/03/2024,15,1
ZAX-99759,NV27R947EFW,26/02/2024,17/04/2024,25,0
HTY-68744,DW75D425EVH,27/01/2024,04/12/2024,45,0
SSC-14235,KN21Y745YGB,02/02/2024,04/03/2024,5,0
ANE-25345,KT05P916IXA,01/08/2024,17/04/2024,40,0
KIC-74606,CU64I298CSU,27/02/2024,17/04/2024,40,1
VKK-70651,AK32S949BBC,24/02/2024,23/04/2024,20,1
EUV-37583,FN79V082PBR,24/02/2024,28/04/2024,10,1
WFS-10864,EG22E995KKE,21/01/2024,29/03/2024,35,1
HKD-72489,SG63D039YLW,19/02/2024,04/02/2024,25,1
YAG-27276,DB05G559VPQ,14/02/2024,30/03/2024,30,0
VQR-70460,VX06W640BVY,02/03/2024,04/05/2024,20,0
YIP-22314,JS16N028HPB,22/02/2024,31/03/2024,35,1
ZAI-77700,VP37R705CRT,02/07/2024,31/03/2024,45,0
ZSK-47154,KI77U726YHB,29/01/2024,04/08/2024,45,1
BMK-50135,HM75Y170LEA,01/08/2024,26/04/2024,35,0
MYO-10937,SU86T553KQO,18/02/2024,04/09/2024,40,1
KUJ-72930,QF90D338NCF,02/11/2024,30/03/2024,45,1
PKN-31478,BW46V191XBB,18/02/2024,23/04/2024,35,1
GMF-32229,KG26M137QAX,02/01/2024,29/04/2024,25,0
FHR-67531,OK74G339CFM,13/02/2024,04/06/2024,35,1
BFB-40374,RX36N816BYQ,19/01/2024,15/04/2024,15,1
IDC-16848,OI55N119XDZ,18/02/2024,26/04/2024,25,0
FDQ-77859,LM71R468TPU,23/02/2024,04/08/2024,5,1
TAW-20995,XH18L950OPS,14/01/2024,04/04/2024,10,0
MAD-00375,QF11V703BSF,13/02/2024,26/04/2024,10,0
SXQ-85440,WJ62B835NNY,18/01/2024,28/03/2024,25,0
JRK-60662,WO97E137TRG,18/01/2024,04/09/2024,5,1
MSW-94424,KX54P935NDR,22/01/2024,28/04/2024,5,1
VQJ-63757,DC61P279KOR,14/02/2024,13/04/2024,15,1
XOH-81381,HT09L538VQN,02/07/2024,04/01/2024,30,0
TPE-59637,AU91B113PRG,23/02/2024,13/04/2024,5,0
ZVA-78061,JU10G897DRX,02/03/2024,04/04/2024,35,1
MWK-21287,WD16E975HWC,15/01/2024,04/10/2024,5,0
YSE-30986,QN61B939ZET,21/02/2024,23/04/2024,35,1
AUI-63952,YU56K163VWT,18/01/2024,13/04/2024,5,0
MNN-25551,VO22T818QIV,01/10/2024,21/04/2024,30,0
MAN-10244,OS75H774HFY,02/06/2024,27/04/2024,20,1
IWO-63601,GA72I710RJA,02/12/2024,30/03/2024,40,1
LSO-72726,XS59W170QWB,20/02/2024,30/03/2024,30,1
PFX-15299,YD52U043VFU,02/11/2024,04/10/2024,20,0
GJY-20691,LU27J658OWV,16/01/2024,29/04/2024,10,1
GVE-88512,PZ29I086UXO,02/05/2024,24/04/2024,35,1
QDW-39457,EG37J273YOK,17/02/2024,04/03/2024,10,0
HMG-03762,AT09W512XDN,16/01/2024,25/04/2024,35,0
DXQ-32741,DX97W568FOL,02/04/2024,30/03/2024,10,1
AOR-15481,IK26F996VHJ,02/10/2024,15/04/2024,10,0
IWL-78224,WW22E234ZAH,02/10/2024,21/04/2024,30,1
TAJ-02999,PI09O285UKX,27/01/2024,27/03/2024,15,1
WXK-45707,JM74Y600BCZ,01/11/2024,14/04/2024,45,1
FYP-13369,OL03F610RBG,18/01/2024,23/04/2024,20,1
XSF-56164,BP38W644SLT,15/02/2024,18/04/2024,25,1
AUN-48693,SH35R946WZS,23/02/2024,23/04/2024,35,0
AEE-57374,PM86P319KCK,30/01/2024,23/04/2024,30,1
SCB-46603,LM08T323TDO,02/02/2024,04/08/2024,20,0
WHB-10547,IO33Z637LDQ,26/01/2024,26/03/2024,35,1
XIT-06945,TB83R166ELV,18/02/2024,15/04/2024,20,1
BMV-68778,EY01N704MHM,28/01/2024,30/03/2024,10,0
KWB-69863,OO70B304PFI,02/07/2024,04/02/2024,40,1
YIR-40381,CW37C236OOX,01/10/2024,20/04/2024,15,1
XWU-19562,IJ98Z479TJE,24/01/2024,28/04/2024,25,1
SZH-33276,HQ66V354NAR,19/02/2024,04/11/2024,20,0
ZZY-87158,CZ39S703COJ,24/02/2024,14/04/2024,30,1
TOT-87420,UI95T608YRS,20/02/2024,04/06/2024,40,1
QPF-37951,QE59W036TKC,02/08/2024,27/04/2024,45,1
RHA-97388,QT56T511ZIG,02/06/2024,28/03/2024,5,0
DKJ-08990,OC08Q504TVF,02/08/2024,04/07/2024,45,1
OIY-04946,FU99F073ANU,02/08/2024,29/03/2024,30,1
PJH-52727,CS87P505OSI,31/01/2024,04/03/2024,5,1
WZY-70963,HV56P942ULA,26/01/2024,04/02/2024,15,1
QGL-64016,KY05N112UXX,01/08/2024,18/04/2024,40,0
LPB-73322,BH75E283LHH,20/02/2024,28/04/2024,40,0
TKP-27207,DF03T803QGZ,15/02/2024,04/08/2024,20,1
LAH-79333,BZ08H883YEA,22/01/2024,18/04/2024,10,1